ISO3,Calsuff_2000,Calsuff_ssp1,Calsuff_ssp2,Calsuff_ssp3,Calsuff_ssp4,Calsuff_ssp5,trade_dep_2013,GDP_2010,GDP_ssp1,GDP_ssp2,GDP_ssp3,GDP_ssp4,GDP_ssp5,name,Trade_1998,Trade_2001,Trade_2013,2013_Trade_Class,2001_Trade_Class,log_GDP_2010,log_GDP_ssp1,log_GDP_ssp2,log_GDP_ssp3,log_GDP_ssp4,log_GDP_ssp5,Trade_lm_predicted_ssp1,Trade_lm_predicted_ssp2,Trade_lm_predicted_ssp3,Trade_lm_predicted_ssp4,Trade_lm_predicted_ssp5,Repredicted_2001
AFG,0.7852330218505951,0.3575386783743337,0.302059633707589,0.2855153741613622,0.2657260393397877,0.4629210477009629,0.2693107694774819,1.1854386858525403,7.525939353988134,4.182578962773741,2.8913506371548063,2.6166843141943046,9.578813900208116,Afghanistan,0.4603741842557726,0.3583878469614021,0.2693107694774819,Medium,Medium,0.17011290511201946,2.0183556339389552,1.4309280330248955,1.0617237414475182,0.961907987381543,2.2595537743185257,Medium,Medium,Medium,Medium,Medium,Medium
AGO,0.597733120204692,0.3087473588913882,0.3977578068824636,0.2007252103311752,0.3103652841387909,0.43323772232480107,0.2213005300059276,5.1716801173881155,12.157659424268573,7.386278879388758,4.99153928477677,6.575093404727178,17.175128085700976,Angola,0.3374468130828792,0.3226957720836912,0.22130053000592756,Medium,Medium,1.643197610077343,2.497959376454208,1.9996240735551953,1.6077443360982953,1.8832887840050798,2.8434622957633398,Medium,Medium,Importer,Medium,Importer,Medium
ALB,2.3195374712727275,2.1443213496304483,2.1120847299065892,1.99776164994766,2.1568436548960364,2.1724688569203896,0.2081231816988791,7.6607365792759055,23.06159895150721,18.18338019368947,14.094719195305949,18.73535286284953,28.357410562180576,Albania,0.22334879347900286,0.19718196628736395,0.2081231816988791,Medium,Medium,2.036108138303903,3.1381688511841537,2.900508000712478,2.6458002020764537,2.930412266487796,3.3448883915072902,Medium,Medium,Medium,Medium,Medium,Medium
ARE,0.4030136108383313,0.15861791938180625,0.1527536245405925,0.14392734383749473,0.17964462028546782,0.10949652330045782,0.0,42.35117145899893,79.49011609664261,71.0084540348803,66.45490196078431,82.19126496680936,100.60363694882523,United Arab Emirates,0.0,0.0,0.0,Importer,Importer,3.745996082085009,4.375632688102795,4.262798940866744,4.1965235515999835,4.409049030804953,4.611188409584965,Importer,Importer,Importer,Importer,Importer,Importer
ARG,8.343863990844216,5.579005845448148,6.409942012699188,6.2544204228486615,5.945892607425977,6.103356932556246,1.0,14.362738790458279,46.75735505722445,38.70948012232416,27.858773995575532,37.09754230987886,56.84481747213572,Argentina,1.0,1.0,1.0,Exporter,Exporter,2.664637269004168,3.8449715707872953,3.6560845344379973,3.3271479614815602,3.613550722402349,4.040325054601084,Medium,Exporter,Exporter,Exporter,Exporter,Exporter
ARM,1.7345740678687054,1.7981400105423817,1.967693241992124,1.6960756452405301,1.9246728082475395,2.1316341635327816,0.12476300442577926,4.900711513583442,23.1760162601626,16.81804163454125,12.611202635914333,18.094543940024987,28.99774062358789,Armenia,0.1443482040441577,0.16723490452879874,0.12476300442577926,Medium,Medium,1.5893804014288497,3.1431179620616687,2.8224522170017226,2.5345855170322857,2.8956104530520532,3.3672179174199166,Medium,Medium,Medium,Medium,Medium,Medium
AUS,11.085545985207565,5.154390770168134,5.066071537230633,8.800898110391552,6.656227558728496,4.108240639592633,1.0,35.727860607149275,66.79809794490599,59.14955735020675,54.78392242287963,69.29577258192272,76.9028763963638,Australia,1.0,1.0,1.0,Exporter,Exporter,3.5759307935885474,4.201674606258559,4.080069106883406,4.003396764463945,4.2383839026313215,4.3425432801861135,Medium,Medium,Exporter,Exporter,Medium,Exporter
AUT,2.8246967916518684,2.560387938456251,2.6770881553463486,2.4203269536206533,2.6091820319757457,2.1751398968114075,0.326642860045429,35.36454610436026,62.05795430727312,60.917516822227036,55.82606431454238,64.77399770904925,70.88925802879291,Austria,0.4724842376941876,0.5034603226116873,0.326642860045429,Medium,Medium,3.5657097958052852,4.1280686953327725,4.109520765906424,4.022240862740047,4.170904252905831,4.261118913297734,Medium,Medium,Medium,Medium,Medium,Medium
AZE,2.154728615974656,1.7351030625235626,1.7627686645750409,1.698961420587044,1.7285372211487249,1.7538965945181906,0.22175090748462545,8.782760121898129,17.689484895429896,14.131447284635676,11.213830437439974,15.379194298723151,22.380072051573762,Azerbaijan,0.29423047366786714,0.3032140663978589,0.22175090748462545,Medium,Medium,2.1727907229256824,2.872970389343556,2.648402617823165,2.417147876973642,2.733015576406403,3.1081709223412313,Importer,Medium,Medium,Medium,Importer,Medium
BEL,1.7602025682703626,1.7181283422813385,1.8114881690132247,1.6674070531781695,1.7709642683459892,1.5377988530455244,0.0,33.389283047050036,57.80030651340996,58.04390282629406,52.70011500862565,60.35652471938993,64.61143931256713,Belgium,0.08022966505016726,0.047757607253775765,0.0,Importer,Importer,3.508234981639082,4.056994078664443,4.061199669488758,3.9646176378717977,4.100269056353921,4.168391474253801,Importer,Medium,Importer,Medium,Importer,Importer
BEN,1.2727405657546464,0.6323199754639478,0.5962562713811517,0.3393713775652567,0.5737230464344647,0.8304859786412141,0.2782127759741948,1.423841807909605,9.80302589467559,5.199073592172375,3.1061741526857807,2.64825124910778,13.24521908918624,Benin,0.4417031512367103,0.4588230733639442,0.2782127759741948,Medium,Medium,0.35335871686771825,2.282691102781312,1.6484804543643656,1.1333917929182575,0.9738995161672657,2.583636663862142,Medium,Medium,Medium,Medium,Importer,Medium
BFA,3.2447398138441588,1.2518069992994922,1.2190402576828347,0.6403844918215293,0.5822201427454997,1.3949648429060033,0.43444387114825,1.136013115550428,9.620050418101329,5.725066058753432,3.0601011603689376,2.6565258134112057,12.723069056977598,Burkina Faso,0.4375054723427779,0.4387019500334981,0.43444387114825,Medium,Medium,0.12752486561121018,2.2638495056307555,1.7448540880206214,1.1184479743619518,0.9770191839372031,2.5434168068733816,Medium,Medium,Medium,Medium,Medium,Medium
BGD,0.4266835630590601,0.2637195321493497,0.3019139118289091,0.1996363808939209,0.2841652750027864,0.29984145352941993,0.3745587047908601,1.4882912328840825,14.840174475868864,8.95983184950224,5.578861869328412,5.164119421193534,19.675928415294162,Bangladesh,0.415647083389408,0.3966413136555349,0.3745587047908601,Medium,Medium,0.39762863828428824,2.6973379948041405,2.1927514600141156,1.7189847895191346,1.6417345984322476,2.9793959807527695,Importer,Medium,Medium,Importer,Importer,Medium
BGR,3.9262973252216975,4.128695104661639,4.237956105211714,3.943891120655661,4.196502472903614,4.077527933846777,1.0,11.574326127568725,47.12783303440405,38.93262523779328,29.29509481272527,38.81685166498487,56.66640353646985,Bulgaria,0.4865476461786463,0.5881910894747702,1.0,Exporter,Medium,2.4487893803569403,3.8528637614021286,3.661832594175178,3.3774200894730053,3.6588544736015454,4.03718150489731,Medium,Medium,Medium,Medium,Medium,Medium
BIH,2.5442239638810578,2.267455166010649,2.459793503961774,2.2986381179826605,2.234814548076752,2.2274390367865915,0.11530735340579225,7.4640957446808525,29.75092478421701,25.15358982126628,20.595636580992227,25.672120628809747,35.449709568939156,Bosnia and Herzegovina,0.2597280078442733,0.18866009281195328,0.11530735340579225,Medium,Medium,2.0101042909923597,3.3928602166922697,3.225000622791932,3.0250792369025734,3.245405602643889,3.5681150602489247,Medium,Medium,Medium,Medium,Medium,Medium
BLR,4.3823294710431275,4.7368281719761365,4.798002589082742,4.3917815548227415,4.882601524535521,4.849625389418585,0.5854320813204241,12.368004168837937,48.49352445618005,39.920058493785035,31.23286862003781,40.73930113859442,58.133766720840114,Belarus,0.3100770115417009,0.2618678570952097,0.5854320813204241,Medium,Medium,2.515112828911466,3.881430272661912,3.686878916717366,3.441471021704781,3.707193256468767,4.0627466778393035,Medium,Medium,Medium,Medium,Medium,Medium
BLZ,3.276203818848124,2.2059466310631133,2.1262976566417278,1.215884842702362,1.7815853150108751,2.26074645535867,1.0,6.605769230769232,21.848717948717947,15.444196428571427,10.568383658969806,9.436046511627907,27.005747126436788,Belize,1.0,1.0,1.0,Exporter,Exporter,1.8879433930809768,3.084142244704264,2.737233297083826,2.357866870399985,2.2445370907011384,3.296049699888287,Medium,Medium,Medium,Medium,Medium,Medium
BOL,1.983685028922892,1.3981074427616889,1.2390564793791246,1.289858959279301,1.0911525666691986,1.6703378678107157,0.7136025341654318,4.349446122860019,25.831503618768807,18.413986405998177,11.201909515026582,15.013051044083529,32.46953689029758,Bolivia,0.6197942634899398,0.5532661104647735,0.7136025341654318,Medium,Medium,1.4700485089155284,3.251594817522232,2.9131105066226413,2.4160842561819567,2.70891989241663,3.480302323318172,Importer,Importer,Medium,Importer,Importer,Medium
BRA,3.919257104278756,3.3806991349794284,3.295482576144673,3.3787649256769026,2.94767516489224,4.294778680681517,0.9675989680012842,10.092748761195407,33.57053510351663,24.208170165783983,17.08307379343515,24.847797012977928,41.617462231963096,Brazil,0.5598972381678726,0.6388770876911386,0.9675989680012842,Exporter,Medium,2.311817221565589,3.5136487507968863,3.1866901863415187,2.838088136655594,3.212769097223653,3.7285198443818772,Medium,Medium,Medium,Medium,Medium,Medium
BRN,0.6421519704285735,0.39589760786895545,0.3534312419457984,0.6922717959747289,0.6822475163895201,0.3838292347784287,0.0,45.49624060150375,85.41436464088397,78.16108452950556,62.34150326797386,76.03874538745387,99.71785714285713,Brunei,0.0,0.0,0.0,Importer,Importer,3.8176296984005673,4.447514290875588,4.35877188339959,4.132627388067925,4.331243018108177,4.602344769684571,Importer,Importer,Importer,Importer,Importer,Importer
BWA,1.002469891191255,4.160516166954746,2.5745311064247143,15.824130441495724,5.077024326990951,5.258748893323106,0.0,12.462381664175384,39.6056721056721,32.38194444444444,25.386861313868607,33.49645075421473,47.30281690140846,Botswana,0.11745807035500165,0.07093582070390059,0.0,Importer,Importer,2.52271463989085,3.6789723429950025,3.47760099723232,3.234231769086103,3.5114394855827924,3.856569847665604,Medium,Medium,Exporter,Medium,Medium,Importer
CAF,0.4802201889029368,0.39751560352732734,0.4619777046938932,0.3949843015205641,1.543469866027537,1.160972721291973,0.4582634516982592,0.7075664621676891,6.7536864279265725,3.6015646074993266,1.8806044092147636,1.5228200371057512,9.513278319579896,Central African Republic,0.4865376723775687,0.471145791620776,0.4582634516982592,Medium,Medium,-0.3459237144171478,1.9100884932762492,1.281368364239363,0.631593219436823,0.42056390350750783,2.2526885405586636,Medium,Medium,Medium,Medium,Medium,Medium
CAN,9.838988061820336,4.629820596266732,6.664349910678808,7.424823825024384,7.910551222710548,3.547302535135085,1.0,35.33198106828939,54.71984316608465,55.6347588525796,60.800779581375465,59.96498385939742,71.16617644558545,Canada,1.0,1.0,1.0,Exporter,Exporter,3.564788533059392,4.002226407193314,4.018808165144974,4.107602610952016,4.093760789516591,4.2650176556244155,Medium,Exporter,Exporter,Exporter,Medium,Exporter
CHE,1.4023352440796029,1.3928751768538192,1.464769531128211,1.3651431941763943,1.5306882958500598,0.8591463031464798,0.20496933753875696,38.376174321503136,67.28836568034787,63.890209332751844,58.055358782631515,69.9333103764922,77.73753232360545,Switzerland,0.24920010981672314,0.22616082699778814,0.20496933753875698,Medium,Medium,3.647436806650962,4.208987349200533,4.15716613106454,4.061397017106923,4.247542079026524,4.353338182234461,Importer,Importer,Importer,Importer,Importer,Importer
CHL,2.425394807223696,1.7417423473397131,1.8456142431419684,2.1199024012358727,2.0205230865516817,1.7329724857495439,0.24402933106384905,13.613883370340073,46.89350339606989,39.42422323950522,29.099494788584963,38.532633548118895,55.914986628265794,Chile,0.5186278897001351,0.3970134660147262,0.24402933106384905,Medium,Medium,2.611090108097634,3.8478791455177443,3.6743804304230565,3.3707208128097275,3.6515055068893174,4.023832441336169,Importer,Medium,Medium,Medium,Importer,Medium
CHN,1.6401075206710891,1.178606642711427,1.3153162094610875,1.248472038042775,1.2971964227696489,1.3682383153364457,0.3752085568391221,6.800201291996406,55.89261214970063,40.34992217794097,29.409976557689887,42.733498045173526,69.54928943702114,China,0.4897897579313854,0.4868097425793794,0.3752085568391221,Medium,Medium,1.9169522135081147,4.023432209525301,3.6975894660385333,3.381333955479217,3.754983110222269,4.242035701739565,Importer,Importer,Importer,Importer,Importer,Medium
CMR,0.7397332283734005,0.4368411839494031,0.4908635340303112,0.4712472728095473,0.5111402920911765,0.7629790099470956,0.4452938504775861,2.0580641869483136,14.494747968553874,9.598081795150199,5.926231042875866,5.2257986835768175,18.672782773151066,Cameroon,0.5355510722361063,0.4927903360312434,0.4452938504775861,Medium,Medium,0.721765825918841,2.673786374747731,2.261563265503325,1.7793884363893138,1.653607644270092,2.9270669969636356,Importer,Medium,Medium,Medium,Importer,Medium
COG,1.1148264024434775,0.8630067639523609,0.8709618078179913,0.9838643250638308,1.3896918445783986,0.8635340187012253,0.2787747716631425,3.8080633193173385,24.080332020258865,16.661383101112108,11.352073085031623,10.458617553433381,29.96768475593128,Republic of Congo,0.3438563695147605,0.28042613141758843,0.2787747716631425,Medium,Medium,1.337120744762866,3.181395408562294,2.8130936525672237,2.429400377912389,2.347426284838475,3.400119626290133,Importer,Importer,Medium,Medium,Importer,Medium
COL,1.4873904392765505,1.0211638450414722,1.0909944525545985,0.7426157673938784,1.233377320213894,1.302392024593512,0.2908608476006897,8.479317420887785,31.223842313651232,23.199890453834115,16.104844520813707,22.809282174044977,38.6606013208203,Colombia,0.3660995482626236,0.3913356318241793,0.2908608476006897,Medium,Medium,2.1376299537442542,3.441181979700664,3.1441475568436212,2.7791201286424108,3.1271675660091343,3.6548210277414848,Importer,Importer,Importer,Importer,Importer,Medium
CRI,1.6761889508905594,0.7987095608351641,0.8018781505830214,0.9364663876892008,0.8366035756202385,0.8346828668547431,0.5363886211896277,10.452242970594547,34.66515544041451,27.07853325415677,19.81700267869731,25.697795275590554,42.579548965091135,Costa Rica,0.5065767764339939,0.4959105252539416,0.5363886211896277,Medium,Medium,2.3468165937137146,3.5457350164580914,3.298741283141317,2.986540290356753,3.2464052012792624,3.7513740667622404,Importer,Importer,Importer,Importer,Importer,Medium
CUB,1.3558625611491577,1.145485603207253,1.3051669677498337,1.3362608826380038,1.3674444461297264,1.215219505439231,0.2433123360963643,5.747024338248358,22.467978652434958,16.124564838990427,10.939367311072054,15.775570776255707,29.413564929693965,Cuba,0.7845004868123853,0.6812703622905719,0.2433123360963643,Medium,Medium,1.7486822144650203,3.1120911245377676,2.780343875588412,2.3923679626955097,2.7584625901027096,3.381455960102461,Importer,Medium,Medium,Medium,Importer,Medium
CYP,1.4291808250890932,0.9715952217260986,1.2550546680796582,1.2631481041383508,1.2340324741981643,0.8188115423844152,0.0,18.901268115942027,30.868874172185432,25.896770107663077,21.31830417227456,30.113055181695827,37.67708959711365,Cyprus,0.0,0.0,0.0,Importer,Importer,2.939229015896344,3.429748367884184,3.254118254661184,3.059566054495886,3.404958804689117,3.6290522067333244,Importer,Importer,Importer,Importer,Importer,Importer
CZE,3.1624949945793186,2.4883426286109134,2.6566145633443616,2.36709847440573,2.607142516423756,2.3084779412520136,0.7431287856592281,23.695701896502428,63.039317937256854,60.43976418318522,54.54392310872262,65.57092423282339,71.72159338267305,Czech Republic,0.4787558109670138,0.5637100989708702,0.7431287856592281,Medium,Medium,3.165293677116399,4.143758625967882,4.101647235728913,3.999006305683543,4.183132369537229,4.272791865203377,Medium,Medium,Medium,Medium,Medium,Medium
DEU,2.7761743429296937,2.237717444519176,2.3770238530670005,2.2571626652332064,2.3153829129776584,2.112093265235313,0.43075293976793305,33.13806468858594,58.06093246611148,55.63857497592864,51.06117113191386,60.80563609882547,66.67855200469903,Germany,0.5090791977288013,0.5464685703279024,0.43075293976793305,Medium,Medium,3.5006826122420662,4.061493018855245,4.018876755223463,3.9330243479371783,4.107682483669675,4.199883342060409,Medium,Medium,Medium,Medium,Medium,Medium
DJI,0.12899809258649486,0.19864050689226054,0.24228888033433765,0.2593072261944516,0.13696520179808885,0.19782404067075526,0.0,2.1192350956130483,15.197051978277733,11.930333817126273,8.299384825700614,8.19257221458047,18.622361219702896,Djibouti,0.0,0.0,0.0,Importer,Importer,0.7510552196224037,2.721101460244213,2.4790842170365672,2.116181394670255,2.1032279162703804,2.9243630747490985,Importer,Medium,Medium,Medium,Importer,Importer
DNK,6.923153655855192,4.635680603707546,4.592174794646064,4.335924420659173,4.776433737918446,4.351492547411188,0.8794356331733912,32.462702702702714,53.23288679523038,51.56388804380894,47.991565823249,56.82524432665232,60.03699421965317,Denmark,1.0,1.0,0.8794356331733912,Exporter,Exporter,3.4800918211804683,3.974676378200149,3.9428215833700793,3.87102528345308,4.039980669362488,4.094960942548265,Medium,Medium,Medium,Medium,Medium,Exporter
DOM,0.8371672106155651,0.5191962168931684,0.7050389300890949,0.387720738682982,0.6765195125279969,0.7283521397988795,0.16376039675343956,8.387226755313794,29.575718904202823,23.53396283886689,16.50952289954774,22.90478967097043,35.53747072599531,Dominican Republic,0.230094888991682,0.09129949093565193,0.16376039675343956,Medium,Importer,2.126709924159245,3.386953717403435,3.158444605000246,2.8039373598493027,3.1313460446277137,3.570587653227087,Importer,Importer,Importer,Importer,Importer,Medium
DZA,0.5303166007620166,0.987535944122908,0.8412819820831816,0.4872939208925542,0.7842219719065713,0.7271111254668093,0.01087262267028244,7.564424269764293,22.093813120224816,16.835012619888946,11.88320205296361,16.668173323482115,27.328967007507405,Algeria,0.1331286745479765,0.040334351329045504,0.01087262267028244,Importer,Importer,2.023456239884782,3.0952976200194895,2.82346080223491,2.4751258106947294,2.8135011120831828,3.3079472022079934,Importer,Importer,Medium,Importer,Importer,Medium
ECU,0.9231712122513398,0.7932293292163111,0.8699765204924597,0.5939628044008824,0.8560094029141053,1.0095676473099295,0.611296866659464,7.200829588662287,27.1292333149476,20.27870974164966,13.508041391347714,19.318993763872736,33.89882071440779,Ecuador,0.5471495882266741,0.5767679451491398,0.611296866659464,Medium,Medium,1.9741962400321604,3.300611866593961,3.00957155449238,2.603285166728555,2.9610887448127428,3.5233802265957057,Importer,Importer,Importer,Importer,Importer,Medium
EGY,0.6845815183892648,0.3647074186599759,0.2558982533187451,0.4362156044977531,0.3315676560281826,0.34383908658318624,0.16315012814666474,5.543546060822722,29.449252264456657,22.413211491178192,15.091488277268093,21.687786347825316,35.99611575238147,Egypt,0.2411891054212025,0.2522498457066944,0.16315012814666474,Medium,Medium,1.7126343791743233,3.3826685197737922,3.109650583711405,2.714130894640656,3.076749260977854,3.5834110368677616,Importer,Importer,Importer,Importer,Importer,Medium
ESP,3.400046184277497,2.924019857685403,3.0273306546457075,2.9279105944729995,2.9947170325203456,2.4497145199548003,0.1348441536183571,26.96143412114504,41.19918983612594,38.161713419257005,33.64664151284426,40.76963858281735,47.540227467602854,Spain,0.2196571315418556,0.17315746677126942,0.1348441536183571,Medium,Medium,3.294407479033824,3.718418591990438,3.641832746495995,3.5159132446563763,3.7079376520093668,3.8615762466829664,Medium,Medium,Medium,Medium,Medium,Medium
EST,3.2271670557799363,4.511578041023312,4.955776473626946,4.147487421673037,5.585818393461267,4.2403376745027215,0.7022967832483289,16.594332587621178,51.310053722179596,51.501191421763316,46.534798534798526,53.83656276326874,57.53835425383543,Estonia,0.18318784387232934,0.20544765225358466,0.7022967832483289,Medium,Medium,2.8090612266844377,3.937886711965206,3.9416049418052657,3.840200388301957,3.9859528416058736,4.052451755938823,Medium,Medium,Medium,Medium,Medium,Medium
ETH,1.054888451863266,0.4230902822428594,0.4744396194453602,0.6219348628635142,0.5395366467346704,0.7514451197724471,0.4617589360330503,0.9322242314647378,10.085235866300618,5.6392094642665995,3.0478011575701838,2.498434493330289,13.74525344143724,Ethiopia,0.4794521877508179,0.4574299995433378,0.4617589360330503,Medium,Medium,-0.07018190153372528,2.311072558966161,1.729743889775631,1.114420398678717,0.9156643330594907,2.6206935602567647,Medium,Medium,Medium,Medium,Importer,Medium
FIN,2.696490213783393,4.0052510669210015,4.237920831301048,3.5958066377243005,4.253563427713749,3.6882446326280767,0.4569388180775326,31.700279589934762,56.59659002033474,54.34617875647668,50.901702786377705,60.380415639309604,63.81431921644365,Finland,0.5057677625659338,0.4810994281400574,0.4569388180775326,Medium,Medium,3.4563255007160993,4.035948736403662,3.995374303026984,3.9298963765603316,4.100664807979903,4.155977604297261,Medium,Medium,Medium,Medium,Medium,Medium
FRA,5.9853361051944125,3.5898671985387263,3.619719266667072,3.6153031725425553,3.5995326082880084,3.0663231291233743,0.9791553307903516,29.5956571956572,51.80670730208666,47.69519254971056,43.50821869899744,53.36973426648433,58.95275814533598,France,1.0,1.0,0.9791553307903516,Exporter,Exporter,3.387627634203184,3.9475196254792984,3.864830607693762,3.7729498558576906,3.9772438112531567,4.076736413765638,Medium,Medium,Medium,Medium,Medium,Exporter
GAB,0.6980261353325127,2.222532287386408,0.6632360321386156,0.633798399533973,1.3292272888289685,2.242965119154908,0.14792264080879058,13.614617940199336,38.36295951605398,29.60402097902098,20.023181454836134,21.915594855305468,46.176085941149,Gabon,0.2759636524846285,0.215854205965722,0.14792264080879058,Medium,Medium,2.6111440640499692,3.6470923981355425,3.3879101959899134,2.9968906750895883,3.0871984772534926,3.8324620437545978,Medium,Importer,Importer,Importer,Medium,Importer
GBR,1.891066154204656,1.4707886716514258,1.5026124181761034,1.377057640814777,1.5705578121052153,0.8296322116226229,0.2520431564898492,32.469727255142175,59.769731551334594,54.79249791100899,49.80073319249411,60.86601914414413,67.91721354545149,United Kingdom,0.3806179918201925,0.33650955378150904,0.2520431564898492,Medium,Medium,3.480308186176247,4.090499371464769,4.003553285148245,3.9080297066630743,4.108675041059568,4.21828951562341,Importer,Importer,Importer,Importer,Importer,Medium
GEO,1.6600700221948608,3.3901628772098817,2.4372283434052955,2.0378616435988115,3.111824800365097,3.8612942054626918,0.14630044117617946,4.651194852941177,32.61711711711711,23.449473031618098,16.810964572019653,25.26240426240426,41.30191458026509,Georgia,0.1442656855229607,0.17205126319265518,0.14630044117617946,Medium,Medium,1.537124144213068,3.4848372155165412,3.154848022640561,2.822031326620211,3.2293172930107032,3.720908856768162,Medium,Medium,Medium,Medium,Medium,Medium
GHA,1.0724530371162049,0.4734884065774064,0.5200458017992214,0.4141507067273824,0.4862807811523677,0.5742439302004548,0.4598834562544122,1.4784355526402098,14.512643793388634,8.934470415732275,5.042180390430062,4.348384232626108,18.827749611474868,Ghana,0.4994945238661202,0.4627096228861885,0.4598834562544122,Medium,Medium,0.3909844696682228,2.675020255218757,2.1899168760917744,1.6178386056802807,1.4698043353237733,2.935331824718518,Importer,Medium,Medium,Medium,Importer,Medium
GIN,1.3474520015713864,1.0630790611837542,0.7961437133751907,0.6703510905750448,0.6221542500662335,2.267478220592856,0.3773638039743557,0.9783610498898015,25.204364494249486,13.970671834625325,6.237125992265417,5.358770384680947,32.994640387275254,Guinea,0.3981972811653976,0.3892475779926344,0.3773638039743557,Medium,Medium,-0.02187650540794908,3.22701717373724,2.6369602633527047,1.8305194981200419,1.6787345429220584,3.4963451357693303,Importer,Importer,Medium,Medium,Medium,Medium
GMB,1.6415026750002086,0.4543911029626803,0.4745992011152954,0.3552334609901737,0.4277160504323383,0.4252200844925713,0.04987109440084292,1.8339120370370368,12.847120418848169,8.457073021692636,5.132133676092544,4.529222520107238,16.791143911439114,Gambia,0.1815086981840497,0.1414235972239477,0.04987109440084292,Importer,Medium,0.6064514103269196,2.553119694310453,2.1350031352304253,1.6355214939770077,1.5105502956495807,2.820851599289166,Importer,Medium,Importer,Medium,Importer,Medium
GNB,1.1707297997765815,1.0917531340093598,0.7062881423268385,0.763848467711392,0.6801899697915221,1.020544962031932,0.6399747467454947,1.0640264026402642,11.098345999105947,6.495176848874597,3.4731567644953474,3.006220270764727,15.071691176470587,Guinea Bissau,0.4593627199076572,0.5237005436866902,0.6399747467454947,Medium,Medium,0.06206020512310421,2.406796088125777,1.8710598782160162,1.245063910806979,1.100683565680326,2.712818227740235,Medium,Medium,Medium,Medium,Importer,Medium
GRC,3.1414479575419616,2.7887063501320584,2.964839269525739,2.731711939687892,2.828055812140787,2.6341459270856653,0.2448140059033361,24.11277401179681,48.84349768081086,44.181454480796596,37.458478216404174,48.19359357489727,56.83743073441036,Greece,0.3607575594221345,0.3376533616375539,0.2448140059033361,Medium,Medium,3.182741742057245,3.8886212617644835,3.788305119152114,3.6232330719623573,3.875226098838914,4.040195100490354,Medium,Medium,Medium,Medium,Medium,Medium
GTM,0.8206092313075134,0.4862321992764488,0.3823835022763428,0.4772791607876266,0.3873998014549769,0.5574677248195187,0.659992298286342,4.296545972617972,20.42712982728508,12.997756859603445,7.640217920623325,6.765362060173381,26.28593064549823,Guatemala,0.6380071186899127,0.61361979700337,0.659992298286342,Medium,Medium,1.4578114377297162,3.016863910819427,2.564776793311927,2.0334261264134343,1.911815779802362,3.269033839598534,Importer,Importer,Medium,Medium,Importer,Medium
GUY,1.8560442604922112,1.7953710295359593,1.8426550463775635,1.9801263831506104,1.9466092154123555,4.017567551418321,1.0,3.1061007957559683,18.538694992412747,12.099726775956285,8.340602284527519,12.476968796433878,23.881132075471697,Guyana,1.0,1.0,1.0,Exporter,Exporter,1.1333681761497065,2.9198601689015526,2.4931828718482714,2.121135430133385,2.523884448538835,3.173088694246281,Medium,Medium,Medium,Medium,Medium,Medium
HND,1.2846094842703513,0.8773822978353379,0.7748925258995125,0.5487344936658193,0.5683860327482506,1.024662418150445,0.4775484399970346,3.51848440994606,18.227263721022393,12.07196157474912,7.541144227475161,6.697039544766982,23.561058560952283,Honduras,0.4330700065905464,0.3956969267952663,0.4775484399970346,Medium,Medium,1.2580303315338943,2.902918479839634,2.490885538454279,2.0203739248133954,1.9016655697584686,3.1595952882049563,Importer,Medium,Medium,Medium,Importer,Medium
HRV,4.284144428122452,3.3698415562724864,3.436504762423647,3.3357609755362105,3.303705471256796,3.1100610962476725,0.4885447381941348,16.183284124460595,34.61256014180805,30.05488555254738,24.792182088075208,33.53539590980598,40.839648007822035,Croatia,0.4122939382381504,0.4273011241445028,0.4885447381941348,Medium,Medium,2.7839788653515587,3.544216626070379,3.40302522855,3.210528365088808,3.5126014753506856,3.709653374449872,Medium,Medium,Medium,Medium,Medium,Medium
HTI,0.1346341707783953,0.1494800225489577,0.17190309961570072,0.11008726500673033,0.17789611049028656,0.1803824263883718,0.22260082708283568,0.9924947463224256,11.80963149078727,7.253471405036478,4.090162866449512,3.495692417230331,15.625422773393462,Haiti,0.2228666577263996,0.2357755915123303,0.22260082708283568,Medium,Medium,-0.007533559812710238,2.4689154265714914,1.9814801687592951,1.408584789909692,1.2515314725812654,2.748899252753599,Medium,Medium,Medium,Medium,Importer,Medium
HUN,5.216171867652529,3.7076956802498455,3.838081628126648,3.828928194912791,3.893291822836787,3.67542148840652,1.0,16.981971153846153,39.09393874029335,38.509045960220256,34.09118381290238,39.83169605870518,44.43878645985758,Hungary,0.8452956911884908,0.8228770412586739,1.0,Exporter,Exporter,2.832152260944599,3.665967435544729,3.6508931737006804,3.5290388116513736,3.6846629787299587,3.794112657014633,Medium,Medium,Medium,Medium,Medium,Medium
IDN,1.530270041219155,1.0087866091486146,1.170033620065878,1.1348882009011627,1.049476014536585,1.073503719254089,0.8067170701461375,3.8765211301074327,33.521483301422876,22.032967912020645,14.774369283803553,23.151580027805124,42.84753790699752,Indonesia,0.517580317246882,0.5549086639222294,0.8067170701461375,Exporter,Medium,1.3549381354829761,3.5121865258705913,3.092539873121015,2.692893874313559,3.142063029944241,3.7576481849798644,Importer,Importer,Importer,Importer,Importer,Medium
IND,0.7311292162033812,0.545801891181232,0.5866633363893522,0.3613009210786244,0.5299792545330725,0.6229383254969244,0.493092805160507,2.9830640512030726,23.798256188576218,15.883354721867347,9.587279186014056,14.890278767648235,30.057060762766646,India,0.495374776526786,0.4833186612414514,0.493092805160507,Medium,Medium,1.092950977378212,3.1696123086055423,2.765271688033546,2.260437134982416,2.700708568323772,3.4030976005277367,Importer,Importer,Medium,Importer,Importer,Medium
IRL,2.203502644905098,0.9122814931131908,1.275458707752496,1.5014701302278877,2.162331678259276,0.7953632511383609,0.3207936041294593,36.01364653243848,55.888922935498684,56.679616231519354,52.03463855421687,58.950431399086455,62.98811431623931,Ireland,0.7190547536812026,0.6227922652668063,0.3207936041294593,Medium,Medium,3.5838979369726114,4.023366201947208,4.0374146440077325,3.9519096228605832,4.076696945007264,4.14294604694569,Importer,Importer,Importer,Medium,Importer,Medium
IRN,1.5173540585942376,1.9972199171400689,1.707798650798776,1.7791107890652478,2.089468955497822,1.847033613296956,0.20900914224001726,10.954051423473112,26.863592754185987,24.054544481891607,20.180305334581192,25.549635426738405,36.59958558765972,Iran,0.28379278180162504,0.2269333367480809,0.20900914224001726,Medium,Medium,2.3937093808432173,3.2907719406828297,3.1803239384471387,3.00470714536507,3.2406230475357147,3.60003691760168,Medium,Importer,Medium,Medium,Medium,Medium
IRQ,1.1663902620397584,0.4896741411539782,0.3853675655797331,0.3630352883711629,0.33115485959720403,0.4948196884876057,0.007488377242240719,3.2311505430664313,14.695937997370427,11.11344953288959,10.655560453838838,12.940595115361369,23.965757060947126,Iraq,0.16460665888100046,0.05793562732924463,0.007488377242240719,Importer,Importer,1.1728382790922494,2.687571128889936,2.4081560444687655,2.366081864245972,2.5603692783831873,3.176626022387914,Importer,Medium,Medium,Importer,Importer,Medium
ISR,0.7374985140210938,0.44178348896127534,0.3831433048890324,0.5916943898624288,0.43217657408310617,0.3853182993635077,0.0,26.71137772984632,58.06061646186586,53.22827496757458,48.59795102448776,57.75015133171913,63.82557335484614,Israel,0.0,0.0,0.0,Importer,Importer,3.2850896068416438,4.061487576209181,3.9745897395127194,3.883581370027727,4.056125969861139,4.156153946320197,Importer,Importer,Importer,Importer,Importer,Importer
ITA,2.1299990613828546,1.8739768633611649,1.895338630831975,1.828689011891622,1.8713434306790881,1.819533736523972,0.20191893314201306,27.10528314974154,46.053325146419795,42.44962261695621,38.027081378200826,46.17930975713677,53.08121162620402,Italy,0.3340745589251556,0.3390591121639255,0.20191893314201306,Medium,Medium,3.2997286590603037,3.8297999674000267,3.7483180226579154,3.638298573746635,3.8325318570224574,3.9718230356202935,Medium,Medium,Medium,Medium,Medium,Medium
JAM,0.3851114255711504,0.5349405503995942,0.5245311299512055,0.5337502253558981,0.508161275615206,0.5513720059429237,0.11151536769037018,6.9022254651587005,19.765412329863892,14.195979899497486,10.23519506034241,15.172111553784866,24.654121010004765,Jamaica,0.229124464770462,0.16760791034252565,0.11151536769037018,Medium,Medium,1.9318438907836335,2.983933558148245,2.6529588188560487,2.3258322770989572,2.719458976408696,3.2049440674487806,Importer,Importer,Medium,Importer,Importer,Medium
JOR,0.37866288910157003,0.2248425827611968,0.19473629178978494,0.8843758138585615,0.2196094739807564,0.21002367831975688,0.0,5.130758041053822,25.77540599363804,20.35350486682261,14.449848681366193,18.387652985326934,31.45599002959963,Jordan,0.0,0.0,0.0,Importer,Importer,1.6352534145536104,3.2494207812295253,3.0132531263867284,2.6706839426258386,2.9116794059651094,3.4485894270013167,Importer,Importer,Importer,Importer,Importer,Importer
JPN,0.793247921672675,0.9981181199071304,0.9333321585621964,0.9043369822246864,0.9974382692037359,0.9432131935990532,0.05265482746064376,30.81572833027755,56.606548006402036,48.975941220340864,44.112625913593426,59.45279248870006,66.70331943422451,Japan,0.028327753537078507,0.027973072373287836,0.05265482746064376,Importer,Importer,3.4280252197109915,4.0361246676767095,3.8913291820296165,3.786746043371776,4.085182594089148,4.200254718313313,Importer,Importer,Importer,Importer,Importer,Importer
KAZ,8.148168574109832,13.309078865971616,13.505270747230732,13.994245763799558,13.816862067171913,14.661469625645216,0.9512563355549788,11.11818295270186,45.57763544168669,37.23312518584597,35.18747974255683,46.01214508452322,60.53539917083023,Kazakhstan,0.7402896994421364,0.8284984171705526,0.9512563355549788,Exporter,Exporter,2.4085818719366188,3.819417145369784,3.617198827038133,3.56069033019976,3.828905385217596,4.103228304188185,Exporter,Exporter,Exporter,Exporter,Exporter,Exporter
KEN,1.1125050730136885,0.4831937612974486,0.5469154611971498,0.4008454414361323,0.509117526186293,0.6148860966095726,0.36245604145400734,1.4811788808530597,10.735600159208506,6.532117966588091,3.8077356012757178,3.350411780747205,14.211152808725226,Kenya,0.3974462707350328,0.3788365066079883,0.36245604145400734,Medium,Medium,0.3928383118224424,2.3735653365410516,1.8767312347412373,1.3370346820804762,1.2090832579090083,2.654027065400075,Medium,Medium,Medium,Medium,Importer,Medium
KGZ,4.385588685517939,1.8197671367200368,2.1093444296623387,1.6686138178388903,2.0661140435605807,2.7157054453271865,0.2798875977250228,2.051181102362205,14.656861048624327,11.017004680187206,7.942248062015502,8.213375240090796,18.33049370764763,Kyrgyzstan,0.4254544252681002,0.4440069712657856,0.2798875977250228,Medium,Medium,0.7184157747348305,2.6849085567944764,2.3994399591728697,2.0721963664211693,2.1057639522679747,2.908565995894106,Medium,Medium,Medium,Medium,Medium,Medium
KHM,1.8486954897576104,1.6882574308984428,1.9550000123082367,1.204902316573187,1.8750842389846385,1.7462645678899211,0.487919818870144,1.9681708869712833,18.533833153313427,11.59086006244678,7.527976906422901,7.185703334610963,24.264919129949806,Cambodia,0.4671192073114578,0.4470429205411681,0.48791981887014396,Medium,Medium,0.6771046276709228,2.9195978809287397,2.450216861884612,2.0186263345874726,1.972093404038816,3.1890316500657123,Importer,Medium,Medium,Medium,Importer,Medium
KOR,0.8504922950618325,0.9204266593992462,0.970541093511558,0.9673520640547104,0.9530213377294654,0.8916444311923686,0.0,27.413332226465222,76.43986680730492,74.09336768940952,66.77581515136791,80.06164554379124,86.47966339410941,South Korea,0.03672610246876529,0.019659745422031968,0.0,Importer,Importer,3.311029472661746,4.336504376922948,4.3053260234299735,4.2013409663549535,4.3827969072351785,4.459909281025846,Importer,Importer,Importer,Importer,Importer,Importer
KWT,0.3760838235142482,0.2353381811269196,0.2243106131480712,0.2103398931527512,0.2328553008719075,0.20535432282521493,0.0,45.6181951041286,93.8774025004665,84.04810996563575,91.84561011904762,110.83129855715872,123.16740232139938,Kuwait,0.0,0.0,0.0,Importer,Importer,3.820306652376266,4.54198970230506,4.431389372577823,4.520109016496619,4.708009212376495,4.813544424541817,Importer,Importer,Importer,Importer,Importer,Importer
LAO,3.792455134484288,3.5836607209929623,3.1036613906884005,1.5820978819663103,1.877271449411981,2.8296205860575103,0.5329567356520566,2.312530237058539,21.81536652293218,13.812999652415712,9.195232914647413,7.874417158843642,28.349647449191213,Laos,0.4687770173383871,0.4727524896488604,0.5329567356520566,Medium,Medium,0.8383422658037335,3.082614607852362,2.62561015255426,2.2186851883115897,2.0636191703972946,3.344614594441807,Medium,Medium,Medium,Medium,Medium,Medium
LBN,0.8982555209319886,0.8139170537004354,0.8679393735567251,0.9884503822989628,0.8828503398190838,0.8248487934720642,0.0,12.61754966887417,41.91169553132349,36.28513975467525,27.154662199888328,34.86026863084922,48.88529159519726,Lebanon,0.0,0.0,0.0,Importer,Importer,2.5350886757313025,3.735564917604525,3.5914082843052997,3.301548751707293,3.5513477460532688,3.8894765658615436,Importer,Importer,Importer,Importer,Importer,Importer
LBR,1.232424842451492,1.2334252915464374,1.0831925907938529,0.5417477985161069,0.9127720131437226,1.2984812434614763,0.31293052924666864,0.4822233350025037,8.57086817384123,4.310438074634939,2.153948535936113,1.8951340934639476,11.602049371215653,Liberia,0.2853672385736734,0.3171609354889161,0.31293052924666864,Medium,Medium,-0.7293479216176898,2.148369031310917,1.4610395403971361,0.7673026861257034,0.6392895977532969,2.4511817524404083,Medium,Medium,Medium,Medium,Medium,Medium
LKA,0.9000374396057381,0.6352781177903203,0.7156204836613111,0.7238466762952431,0.7214006618317645,0.9435959700885792,0.3094862915124762,4.555225311601151,31.625654209898077,23.314122705473796,15.288731870583858,22.107562947987503,38.9807220806692,Sri Lanka,0.28945726820753626,0.3042684287576455,0.3094862915124762,Medium,Medium,1.5162749941650175,3.4539686333127126,3.14905930165072,2.7271160780176604,3.0959197648226273,3.6630672182964807,Importer,Importer,Importer,Importer,Importer,Medium
LSO,0.8531610699503827,1.2380920985631918,1.1848263242703494,2.7424149631739234,1.0179932247510528,1.7794956656557288,0.1266452688701405,1.4366651312759098,12.594020456333597,7.689047261815452,4.699039487726788,4.067370721048799,16.874239350912777,Lesotho,0.08961679667335587,0.2252408802518941,0.1266452688701405,Medium,Medium,0.3623245467295115,2.5332221343572434,2.0397968827102337,1.5473581235173317,1.4029967762129103,2.8257881602411974,Medium,Medium,Medium,Medium,Medium,Medium
LTU,5.285408868917411,5.245574265411828,5.324694690108356,4.985115926643561,5.465642610493474,5.3284747036672995,1.0,15.360709987966304,44.029612756264235,39.90084776999632,31.639676113360323,39.18379446640317,50.68898573692551,Lithuania,0.43205893139080864,0.5057209770148386,1.0,Exporter,Medium,2.731812949826158,3.7848624247315805,3.6863975710384245,3.4544119062276,3.668263254851097,3.9257086431486514,Medium,Medium,Medium,Medium,Medium,Medium
LUX,1.7701780341044746,0.7598029375904177,1.128695338248891,1.9643800174129484,1.1450372841899044,0.8495308644767966,0.2020124445614669,68.73372781065089,88.07547169811322,87.92418772563177,85.5,87.53571428571428,94.63016330451491,Luxembourg,0.08022966505016726,0.23160531801094986,0.20201244456146686,Medium,Medium,4.230240022141504,4.478194079854325,4.476474940053304,4.448516375942715,4.472046873352909,4.549976276234756,Importer,Importer,Medium,Importer,Importer,Medium
LVA,3.5646217310924566,6.327397560847576,4.4663641155251685,4.234599819086023,7.087161887579336,6.004043247661481,0.8661671677527982,12.873445825932505,45.83036707452725,37.641416893732966,30.389394750937328,39.276102088167065,55.846619021440354,Latvia,0.32406504515755274,0.36362196092155663,0.8661671677527982,Exporter,Medium,2.555166726714522,3.824946907970241,3.628104957306588,3.4140936906703985,3.6706162445542785,4.022608986913589,Exporter,Medium,Medium,Exporter,Exporter,Medium
MAR,0.5743018245815483,0.963065327092598,0.7976201639549665,0.7659512240450027,0.7809733185886075,0.7390463512967244,0.2204228625607876,4.296986009827549,29.76981621876752,22.291401445679146,13.831892347255476,19.4415125760882,36.83543689320389,Morocco,0.2819607875442421,0.20652810833435264,0.2204228625607876,Medium,Medium,1.4579138489875927,3.393495001638375,3.104201018713356,2.6269769654744355,2.967410603417398,3.6064603408817013,Importer,Importer,Importer,Importer,Importer,Medium
MDA,2.8943678674902147,5.363279508952962,4.9267326611397815,2.4307686242710083,5.667745195775898,6.586634368152563,0.7661641504143042,2.785054575986566,26.017428167687232,18.62356717102247,12.939821693907875,19.50122249388753,32.11380281690141,Moldova,0.6256664755395823,0.6493108056842386,0.7661641504143042,Medium,Medium,1.0242674695917524,3.2587666276031193,2.924427830891426,2.560309509527112,2.9704771555988723,3.46928593201091,Medium,Medium,Medium,Exporter,Exporter,Medium
MDG,1.1225248479261147,0.4904939277891595,0.460359110215865,0.30451418278841297,0.615046827214663,0.4971884753192659,0.4318222441551708,0.8689292266100223,7.090375806926848,3.916627873467669,2.331166856708476,1.9436540092339585,9.780430812204557,Madagascar,0.4678263371198221,0.4460076036911617,0.4318222441551708,Medium,Medium,-0.14049359936934494,1.9587383443476098,1.3652310472264544,0.8463689390912974,0.6645697114090271,2.280383533404203,Medium,Medium,Importer,Medium,Medium,Medium
MEX,1.6672295116444926,1.2376258328757788,1.2687218945565255,0.694689145461994,1.3712076479834054,1.273100125304721,0.23526179417814186,12.428572688079136,37.39879570407873,29.69974246733773,21.60951603418647,30.491401306765386,46.068337819114205,Mexico,0.2726387573592011,0.19771197966434384,0.23526179417814186,Medium,Medium,2.519998070938966,3.621638503476339,3.3911383746376496,3.0731337748115792,3.4174447194968725,3.830125898833395,Importer,Importer,Importer,Importer,Importer,Medium
MKD,2.7152077968483845,2.456038157081459,2.372938917445665,2.3589044866196063,2.302583152855967,2.4153444074972987,0.20132513734813107,9.185346918971376,33.98069151324652,29.482042405884894,23.304482911673325,29.08237459733088,40.631645569620254,Macedonia,0.1279912334374198,0.2855192058314373,0.20132513734813107,Medium,Medium,2.2176094881194515,3.5257924666325517,3.383781345989322,3.1486457417078495,3.37013230673631,3.704547210523811,Medium,Medium,Medium,Medium,Medium,Medium
MLI,4.514815707662592,1.490111771425637,1.5417096492843352,1.5783957551811392,1.1475739822874509,1.729000090271208,0.41973801153312174,0.9668184775536759,7.838697987019406,4.125536062378168,2.3232301570281413,2.0465099281276644,10.433755819090011,Mali,0.4529515758616185,0.4356258853057217,0.41973801153312174,Medium,Medium,-0.03374451826089149,2.0590727474863955,1.4171959658592073,0.8429585263785446,0.7161358682103169,2.3450463019006373,Medium,Medium,Medium,Medium,Medium,Medium
MMR,1.655851973996061,1.3198502185027472,1.2760620954151465,1.4247739366934902,1.3983477785363472,1.9045001374322577,0.5114884814783303,1.4419239830702837,11.216238571077282,6.26044665624743,4.118465042800985,3.4913535677675265,15.076001767482966,Myanmar,0.5224801245699164,0.5178250661444529,0.5114884814783303,Medium,Medium,0.36597832115578577,2.4173626006684863,1.8342515334049048,1.415480531515866,1.250289502790358,2.713104192643073,Medium,Medium,Medium,Medium,Medium,Medium
MNE,2.370508857156372,2.016233513397548,1.8670793968640689,2.0352159991037087,1.892346442130142,1.846484087684636,0.0,10.164817749603802,26.153846153846153,22.337209302325586,17.705293276108726,22.181818181818183,31.059506531204644,Montenegro,0.5210121275530843,0.495198438681605,0.0,Importer,Medium,2.318932517711887,3.2639962601486703,3.106253866515049,2.873863650019092,3.0992729524948315,3.4359049299962843,Medium,Medium,Medium,Medium,Medium,Medium
MNG,5.270210652078797,7.851116404305039,6.855236877080437,3.708212363463506,8.059753318146242,8.745845673605702,0.33133781313305644,3.6201015965166916,43.182270333528386,31.60584329349269,21.482524044100398,32.52392065344224,53.55505819158461,Mongolia,0.3627234905264366,0.30959158070693715,0.33133781313305644,Medium,Medium,1.2865020907799583,3.7654300020631615,3.4533420178493497,3.067239769445876,3.481975838711642,3.980710249792132,Exporter,Exporter,Medium,Exporter,Exporter,Medium
MOZ,0.884707233943975,0.4412653865726136,0.4885017728420256,0.4854405692201544,0.6522658480789586,0.5804292650979331,0.418720981030545,0.8227095891582233,10.662660213795672,5.578559099614592,3.0689618304287403,2.5895913978494622,14.488645514575614,Mozambique,0.4282727660213748,0.4108261073774099,0.418720981030545,Medium,Medium,-0.1951520091583652,2.3667479386177512,1.7189305171716565,1.121339338423972,0.951500101817716,2.673365274708359,Medium,Medium,Medium,Medium,Importer,Medium
MRT,1.2552927393763458,0.5915093805356778,0.9075307837676654,3.981225984299195,0.6573912014462947,0.7013855597290912,0.044651447852422484,2.203468208092485,12.348987108655619,9.188167756338704,6.040796160361378,5.920151027828276,15.290234089246526,Mauritania,0.06886467008713115,0.12905203307920332,0.044651447852422484,Importer,Medium,0.7900325772822678,2.5135740442170595,2.2179165428598577,1.7985358178893058,1.7783619600279816,2.7272143297810363,Medium,Medium,Medium,Medium,Importer,Medium
MWI,1.0153196980083157,0.5133499492270741,0.3570001022296391,0.29333093893979056,0.38377155440902383,0.5906246742585023,0.5291430358680218,0.7955170793906449,7.687758687431141,3.8620655632569503,2.255782001373941,1.8985795214340069,10.554049556772457,Malawi,0.4616986500821223,0.495155474678629,0.5291430358680218,Medium,Medium,-0.2287629614276768,2.0396292829640212,1.3512021603658357,0.8134966983701182,0.6411059862670799,2.3565096305165545,Medium,Medium,Importer,Medium,Medium,Medium
MYS,1.862560647622757,1.0851952702157703,0.8645959637708657,0.9665489184431848,1.1083550199891958,1.0839792502889278,1.0,13.213900918981727,46.54915501092335,38.90937247197504,29.414201059090534,39.04353851193026,55.404575212207206,Malaysia,1.0,1.0,1.0,Exporter,Exporter,2.581269375394455,3.840508851268812,3.6612351591865084,3.381477586944341,3.664677395550474,4.014662175401172,Importer,Importer,Importer,Importer,Importer,Medium
NAM,1.608818036316231,1.6290577670086868,2.6372935654078042,5.163128253040545,1.499320310558672,3.474614912774303,0.2185794273809909,5.8707840560665785,23.028328611898022,18.454083158839367,13.50362520914668,16.198595505617973,28.06957621758381,Namibia,0.17114645784903626,0.2332185774568261,0.2185794273809909,Medium,Medium,1.769988194948701,3.1367251368132756,2.9152856554234066,2.602958183406445,2.7849245412958448,3.33468629291689,Importer,Medium,Medium,Medium,Medium,Medium
NER,0.6909115517345851,0.25140498180827275,0.33620483736551204,0.3429639674519488,0.2983801585155529,0.5109820144165796,0.4270997568595941,0.6501418256833421,5.975870345041161,2.866753037708812,1.5305463718838628,1.2993845228865717,8.101801896181447,Niger,0.4312966431464624,0.4237780344979977,0.4270997568595941,Medium,Medium,-0.4305647465341753,1.787729751651575,1.0531800435707768,0.4256247774636877,0.26189070842411905,2.0920864932573524,Medium,Medium,Medium,Medium,Medium,Medium
NGA,0.9826910863439402,0.36178047528372703,0.4153111632049846,0.2848431659099165,0.25494659409122306,0.3988879244206509,0.3960937586502008,2.1349488394993155,15.338297995368075,9.959558239954802,5.999299028785937,5.279025913177403,19.91930506904527,Nigeria,0.4610777749150925,0.4406052941142583,0.3960937586502008,Medium,Medium,0.7584426836296896,2.7303528377214197,2.2985327171946723,1.791642633867393,1.6637415945578653,2.991689365455813,Importer,Medium,Medium,Importer,Importer,Medium
NIC,2.3025333815598903,1.580029743610308,2.106242835036651,1.0020151404619542,1.9541248670972164,1.9266157116047764,0.5323188668189138,2.4994816862474085,17.8199121522694,12.241659538066726,7.529373719952571,7.765963994460686,22.62815328326593,Nicaragua,0.4381987941115444,0.4240136182612736,0.5323188668189138,Medium,Medium,0.9160833848782157,2.8803164923037667,2.5048448510689982,2.0188118670318365,2.0497505949944124,3.119194851510729,Importer,Medium,Medium,Medium,Medium,Medium
NLD,1.1291896380892186,1.2399549277044108,1.2552146968241868,1.248537553037572,1.2627179124736805,1.1964865995962766,0.0,37.00770480948655,62.27184922209461,61.716339165545094,55.09030711988397,63.27836828497556,69.7433537832311,Netherlands,0.0,0.0,0.0,Importer,Importer,3.611126129059913,4.131509465281296,4.122548712151023,4.008973786344453,4.147543537491285,4.244822129899531,Importer,Importer,Importer,Importer,Importer,Importer
NOR,1.2727676412989917,1.9511128216396785,2.25982446177714,2.6101926954648285,3.147363112630165,1.4433676222696714,0.0,46.744828998566454,68.6450055187638,63.634716126291956,60.490241305890706,73.6571998771876,78.14335461404528,Norway,0.1525783203506168,0.09933215275480456,0.0,Importer,Importer,3.8447036399606644,4.228948376745279,4.153159172465913,4.102482051297355,4.2994218961372574,4.358545019522486,Medium,Medium,Medium,Medium,Importer,Importer
NPL,0.7500972694534176,0.3963883888285824,0.3563903573394104,0.33760367065588426,0.3763717860531669,0.4553979144758973,0.41307543312149897,1.0793751460329115,8.62972715303945,4.738063898528179,2.5731571170579546,2.1520508606809092,11.985488827783813,Nepal,0.4842270967132056,0.4728647859572648,0.41307543312149897,Medium,Medium,0.07638230521275076,2.1552128884935033,1.5556285920382618,0.945133595196642,0.7664212761656599,2.4836966536865366,Medium,Importer,Medium,Importer,Medium,Medium
NZL,1.255245027750272,2.0224927722722517,1.4655837652699588,7.6713296719876825,2.8200226735772707,0.8361873851271919,1.0,25.38598901098901,49.039543348775645,43.69814814814814,39.54017946161516,50.59631220909415,56.17260273972603,New Zealand,1.0,1.0,1.0,Exporter,Exporter,3.23419740808907,3.8926269797733375,3.777305724731054,3.677317356468012,3.9238786923942546,4.028429142300555,Medium,Importer,Exporter,Medium,Importer,Importer
PAK,1.0212649253305262,0.5607034591084552,0.4075647648643556,0.46030627034392496,0.4615776925968481,0.6338917785979925,0.5024636756994781,2.4108575806628147,12.427262490980167,8.474739982978841,5.069698506069631,4.567868900646679,15.813543817995546,Pakistan,0.44822591287639457,0.4600106685269459,0.5024636756994781,Medium,Medium,0.8799825268042798,2.5198926472353773,2.1370899723213856,1.6232813495764484,1.5190467724337002,2.7608667765142814,Importer,Medium,Medium,Medium,Importer,Medium
PAN,2.184639367919848,1.5219126534903211,1.3103565135004411,0.9934595075835779,1.8227580915435908,1.7191289551014781,0.22398931656755616,12.638043787318738,55.46307857911733,46.63527799530149,35.450963067679794,45.607514328168115,66.55674518201285,Panama,0.3473917145538411,0.3104473420362641,0.22398931656755616,Medium,Medium,2.536711613080088,4.015717548548157,3.842357293248258,3.5681504195394407,3.8200724908427297,4.19805489480666,Importer,Importer,Importer,Medium,Importer,Medium
PER,0.7360721703728322,0.7366181232887018,0.7758947830286231,1.5228735894442915,0.826814237742828,0.7949668050414778,0.3332523995341311,8.558207517969532,44.228588132125104,33.35231232650168,23.696905529621247,33.81834372217276,54.79865796155241,Peru,0.3845496967137574,0.4992701100346587,0.3332523995341311,Medium,Medium,2.1468907661196055,3.7893713703245147,3.5071271050855506,3.1653444712458825,3.521003368946919,4.003665703901397,Importer,Importer,Importer,Importer,Importer,Medium
PHL,1.1410841857449936,0.5814914934853035,0.38713630502033214,0.3991176752380535,0.39863757134357736,0.6226596731592601,0.4609264153164924,3.5604915237880785,17.63062051714785,12.096839774557164,8.00321000461042,6.913444399137881,22.71067977532395,Philippines,0.4573741688793116,0.4552086374801306,0.4609264153164924,Medium,Medium,1.2698986038131612,2.869637192452209,2.4929442428339614,2.0798427117766534,1.9334679794532903,3.1228352885327175,Importer,Medium,Medium,Medium,Importer,Medium
POL,2.908651174992417,3.2243463291868784,3.3117369156348366,3.3406938532494914,3.312733826586141,3.2264279520478767,0.5376228078846199,17.25521853854795,44.57836475230162,42.26869152233883,38.07120563724701,46.30105313404338,50.79757476945026,Poland,0.42866548512206415,0.4582402028031384,0.5376228078846199,Medium,Medium,2.8481146217000126,3.797248646089384,3.744046658867468,3.639458238851374,3.835164706709172,3.9278486126859566,Medium,Medium,Medium,Medium,Medium,Medium
PRT,1.6126677618283616,2.4013793680914666,2.4933131767964483,1.7661179325178409,2.4523369705191813,2.4115964176940916,0.0,21.600412139378047,39.65149690295939,36.95287356321839,32.18830963665087,39.4009477792232,45.640838650866,Portugal,0.0,0.0,0.0,Importer,Importer,3.07271239503485,3.680128700280198,3.6096434133343234,3.4716033318676316,3.6737898713247974,3.820802900172684,Medium,Medium,Medium,Medium,Medium,Importer
PRY,4.3009521763533165,2.5246108167503234,3.2895630621082432,1.9595808680610327,1.9132533790192157,3.869679809793973,1.0,4.647714949651434,26.46543352601156,18.76058214615148,12.566539923954375,16.352744371100464,33.71406528189911,Paraguay,1.0,1.0,1.0,Exporter,Exporter,1.53637569014134,3.2758394862833415,2.931757974341368,2.531037720108022,2.7943957347012383,3.5179151177001673,Medium,Medium,Medium,Medium,Medium,Medium
ROU,3.228514704639933,2.8910235856813795,3.2176377129404896,2.8739397403945155,3.3593307744444028,2.918043003566449,0.7490045059157638,10.896583822023645,40.02240572847491,30.17953483133412,22.473801324503306,31.191284730467814,49.302996670366255,Romania,0.5363656162472398,0.4734060495630265,0.7490045059157638,Medium,Medium,2.388449329288143,3.689439440504159,3.4071640400775833,3.1123502452091745,3.4401387202320626,3.897984863590116,Medium,Medium,Medium,Medium,Medium,Medium
RUS,4.037809411715911,5.0369922680844965,5.142856987116406,5.040394041712061,5.060316413800993,5.075890168857546,0.6041452051997753,14.095874312735207,50.51740220815365,41.36794060637092,35.14310389755425,46.095793068714784,63.79458790134542,Russia,0.39620183982883495,0.3642068553341479,0.6041452051997753,Medium,Medium,2.6458821526341514,3.922317875102258,3.7225061993544184,3.55942840832752,3.830721689194531,4.155668357620033,Medium,Medium,Medium,Medium,Medium,Medium
RWA,0.2570275444595561,0.17899797436119375,0.13370786380659047,0.1048306444182705,0.10277423700699873,0.19861439249577886,0.4260220510498332,1.0407567771084336,9.683615253728355,5.797324968413715,3.2333728081903965,2.7569239042753426,12.765249444556654,Rwanda,0.4652694562358177,0.4634154857714202,0.4260220510498332,Medium,Medium,0.03994811882618657,2.270435308188281,1.7573965988187845,1.173525805485381,1.0141155307450211,2.5467265917917197,Medium,Medium,Medium,Medium,Importer,Medium
SAU,0.7853740522759494,0.40483820691668,0.4532795165534296,0.5811810710592352,0.4184682446863298,0.3973449496049004,0.0,20.534538035558146,44.82771009373182,39.64222442753703,38.91010677041695,45.503796852182376,58.96996339691356,Saudi Arabia,0.0,0.0,0.0,Importer,Importer,3.022108250713211,3.8028264770887374,3.6798948236173543,3.6612540310280854,3.817795769776084,4.077028219305311,Importer,Importer,Importer,Importer,Importer,Importer
SDN,1.6709390154167207,0.7518827937749611,0.8261805167429747,0.7018198752460849,0.7127839420567423,0.7458507432171184,0.4046086481431345,2.0234432402645117,13.196349521621164,7.936296864722648,4.770362537488947,3.694114920810346,17.26447939333134,Sudan,0.4925753158207125,0.447550412199741,0.4046086481431345,Medium,Medium,0.7048006346633773,2.579940239952601,2.071446776632058,1.5624223056785635,1.3067409914204653,2.8486511765113463,Importer,Medium,Medium,Medium,Importer,Medium
SEN,1.4939753152380986,0.5498922912362941,0.6702002796868674,0.3710801335503866,0.460041069765786,0.9032812642854936,0.2245546431764518,1.7379765160045038,12.404234594483748,7.266163615371928,3.8613549828503104,3.4318308474020656,16.224231858792766,Senegal,0.2719151014651153,0.2768315579337263,0.2245546431764518,Medium,Medium,0.5527215146716488,2.5180379138684312,1.9832284514882224,1.3510181537059878,1.2330938935235674,2.7865059184058154,Medium,Medium,Medium,Medium,Importer,Medium
SLE,1.4548482390354889,0.958314896596034,0.8604578727183096,0.7496369105861929,0.9149120575351032,1.2200893192072395,0.3784239098463216,0.7416496250852079,8.386374791400806,4.900700416703609,2.7423734495474354,2.3293511169298746,11.203078688211109,Sierra Leone,0.3353389268527114,0.3672935623771904,0.3784239098463216,Medium,Medium,-0.29887835072709373,2.1266083402613147,1.5893781370857303,1.0088237679083827,0.8455897382038676,2.416188623403665,Medium,Medium,Medium,Medium,Medium,Medium
SLV,0.4823427299490421,0.29567317863936105,0.4935799042095958,0.4500156888307989,0.4811402301729325,0.5742228473680311,0.2864883077133333,5.977555304375907,21.68073732718894,15.700049333991116,10.779561519108665,11.14439848948031,26.72604364326376,El Salvador,0.3145328711007781,0.27940257351750786,0.2864883077133333,Medium,Medium,1.7880116723988695,3.076424185549819,2.7536638546417533,2.377651889246225,2.4109369940471246,3.285638507346526,Importer,Importer,Medium,Medium,Importer,Medium
SUR,0.8191060315632248,0.7989376058698286,0.8597326798520512,0.5318111173119014,1.3131583296158615,0.7323251111328225,0.3308248206090253,7.1047619047619035,34.09090909090909,26.268588770864945,19.74167776298269,26.427631578947373,41.80521739130435,Suriname,0.4988933054114221,0.3096483706125339,0.3308248206090253,Medium,Medium,1.9607652500462374,3.5290307531720404,3.268373882074222,2.9827320234525305,3.274410113513006,3.733021149715384,Importer,Importer,Importer,Importer,Importer,Medium
SVK,2.7706972021115286,2.5355352681380867,2.5181414544777843,2.463517178558316,2.702264604490113,2.4770540975139532,0.6921605592626665,20.04339069937752,50.894911697849274,50.53887884267632,45.243938435589286,52.81994670727066,57.58321456848772,Slovakia,0.5318508088135656,0.5121721364206048,0.6921605592626665,Medium,Medium,2.9978994584802625,3.929762951916046,3.9227429181500066,3.8120687039483188,3.96688889791866,4.053231111491078,Medium,Medium,Medium,Medium,Medium,Medium
SVN,2.6471528847317605,2.037851116764524,2.0740865694422324,2.06496940834298,2.0452013854361617,1.5688979558072662,0.117353721986162,25.281280788177337,48.51651254953765,48.109595270577536,43.842920353982294,50.51493256262042,55.288181120491174,Slovenia,0.0290590100982846,0.047021524612046894,0.117353721986162,Medium,Importer,3.2300642320845685,3.8819042049373227,3.873481643091847,3.7806132543349817,3.9222689868816834,4.012559162729524,Medium,Medium,Medium,Medium,Importer,Medium
SWE,3.033126904291333,3.5047381168972684,3.899420968646477,3.3554651938945184,3.668853916954814,1.679654021417228,0.2703190872690727,33.762366737739875,61.016000000000005,58.99464514066496,55.2530753968254,64.76830753174465,68.282096933729,Sweden,0.5809126867074756,0.6208865472819001,0.2703190872690727,Medium,Medium,3.5193467720614033,4.111136124861938,4.077446679459039,4.0119240021396765,4.170816402418723,4.22364760825914,Medium,Medium,Medium,Medium,Importer,Medium
SWZ,1.6170896244434736,1.8212007304680773,1.8890931994493407,3.407991895612493,1.6219843656974664,1.9969409010790693,0.7963262000215405,4.7537942664418225,16.476629361421992,11.456015523932727,7.0216049382716035,6.335431088735054,21.12449799196787,Swaziland,1.0,1.0,0.7963262000215405,Medium,Exporter,1.5589430921163874,2.8019429745224813,2.4385149653092646,1.9489918155927213,1.8461578601927073,3.0504334092670478,Medium,Medium,Medium,Medium,Medium,Medium
TCD,3.546304623652099,1.7528078799133306,1.7557773314478022,1.0040244562492318,1.2558596918834244,1.8615120697338687,0.4538443346421802,1.3370446245657788,9.317524079061489,5.24443299786037,3.137915178097697,2.91003660879336,12.030038076434918,Chad,0.4764861768045048,0.4800736317927314,0.4538443346421802,Medium,Medium,0.2904616742013965,2.231896936651435,1.6571671326415383,1.143558623383908,1.06816566144563,2.487406695105013,Medium,Medium,Medium,Medium,Medium,Medium
TGO,1.1172161721436342,0.4957140064873732,0.4619109132378938,0.4050431272150491,0.4468110167540013,0.6304133292812781,0.4203615665997884,0.8981420039814201,8.342504446071764,4.28601797275099,2.5600288210393587,2.194230943123248,11.331300599306068,Togo,0.4286075372431841,0.4342078461589529,0.4203615665997884,Medium,Medium,-0.10742708957213955,2.121363464585625,1.4553580904049335,0.9400185166465973,0.7858316175364584,2.4275688609765647,Medium,Medium,Medium,Medium,Medium,Medium
THA,2.4365167810844706,2.149401989372928,2.138159251214546,2.196755540559589,2.039529987535188,2.3274070039527754,1.0,7.672911663435664,41.29396684327465,32.48749184250598,22.105818224908166,30.67676104619783,50.4827795478683,Thailand,0.8898701416358854,0.9188678191387538,1.0,Exporter,Exporter,2.0376961604791415,3.7207164080194355,3.4808551488711856,3.0958408419701353,3.4235053987680946,3.921632279075804,Medium,Medium,Medium,Medium,Medium,Medium
TJK,1.3390171718597448,1.0041110366584671,1.2339646689141532,0.7505401456274396,1.0876223533208114,1.4698972379612822,0.11639092113868088,1.9382177642099143,19.000562904587678,11.694841516469856,7.684302539565697,6.217699900188532,24.622013965453874,Tajikistan,0.3029096005090385,0.331195807856525,0.11639092113868088,Medium,Medium,0.6617688725894444,2.944468605284829,2.459147848552261,2.039179616797247,1.8274000473950742,3.2036409194193927,Importer,Medium,Medium,Medium,Importer,Medium
TKM,3.9162299689919102,2.9532334765214125,2.6724890995917816,3.4791098658852904,3.0546784495435064,3.146617147138586,0.2521442168637316,7.4216580721935745,45.65559380378657,45.43598995920929,39.29854267869536,47.003665561179965,56.53949973007018,Turkmenistan,0.34299581801833323,0.4271035154050609,0.2521442168637316,Medium,Medium,2.0044024920802155,3.8211261363091316,3.8163045213815923,3.6711874362206234,3.8502255893323483,4.03493950415538,Medium,Medium,Medium,Medium,Medium,Medium
TLS,4.575505641548374,1.7754959535553414,1.6378110629993157,1.4116910739142945,1.7152267501256664,3.2925193368105496,0.3649153800015525,1.3176156583629892,19.01775147928994,9.921321029626034,5.429682436811406,4.077350257834193,25.78909952606635,East Timor,0.368968164764231,0.3520184975245193,0.3649153800015525,Medium,Medium,0.27582378381416234,2.9453728313743843,2.294686080739745,1.6918806491438194,1.4054473308250022,3.2499519036600497,Medium,Medium,Medium,Medium,Medium,Medium
TTO,0.3469024423258252,0.5110480834967589,0.5279542996674884,0.5331161527065907,0.5925652419218839,0.4761356038682491,0.0,23.17598806860552,54.06011854360711,46.957497995188454,38.04486251808973,50.36457437661222,63.766429840142095,Trinidad and Tobago,0.03061449038804032,0.08963151693681737,0.0,Importer,Importer,3.143116745650103,3.990096733661419,3.849242894611266,3.6387660559562907,3.9192880385818536,4.155226873816294,Importer,Importer,Importer,Importer,Importer,Importer
TUN,0.659202874209702,1.6811453700957504,1.5365985174405181,1.2301056284209326,1.5599635407072667,1.3831773539376246,0.07594527452048028,8.563782081862419,39.31572379367721,33.629208192733266,26.60720799591449,34.247609376322245,47.15230846436936,Tunisia,0.1929461339400076,0.14624055863875518,0.07594527452048028,Importer,Medium,2.14754192456791,3.671624535389167,3.515394980804563,3.2811821563699572,3.5336167630406874,3.8533829678887983,Importer,Importer,Importer,Importer,Importer,Medium
TUR,2.8192239971028528,2.5989010011454665,3.0826851963316777,2.043406660227125,2.682756073383634,2.7573666585653527,0.4441182174937581,12.541675830217725,40.73489410417859,33.832895285773894,24.391917749274445,31.311971163793572,48.34791131694791,Turkey,0.4519410349992773,0.4868988639015812,0.4441182174937581,Medium,Medium,2.5290571650492524,3.707085074131844,3.521433562511411,3.194251837643307,3.4440004897218186,3.8784230217303652,Medium,Medium,Medium,Medium,Medium,Medium
UGA,0.7569033112044399,0.35573994713528106,0.22150490269875764,0.15405161626196567,0.17984439558455628,0.3784502003796418,0.4631991461545695,1.1491697830964849,10.161867724659883,5.953910329962575,3.3520767506310567,2.8565833162715752,13.484571321752364,Uganda,0.4652442553027236,0.4770805962630399,0.4631991461545695,Medium,Medium,0.1390397539176532,2.3186422564227684,1.784048202010335,1.2095800793240108,1.0496262660147082,2.6015461668207283,Medium,Medium,Medium,Medium,Importer,Medium
UKR,3.877899712484152,3.867104914180696,3.857704347342665,3.7862490263930177,3.699393150010717,3.998704046257672,1.0,6.079101390600248,33.074969318606264,24.54230749447045,17.88182125139607,25.8634581400486,41.52030987207584,Ukraine,0.6605468438460439,0.6624317242831039,1.0,Exporter,Medium,1.804856887456291,3.498776782369637,3.20039846479175,2.883784624255788,3.2528310898498427,3.726182702030069,Medium,Medium,Medium,Medium,Medium,Medium
URY,7.508816447586849,4.368510907693478,5.431496374033807,5.707386164077407,5.7786216378432735,5.215182540203147,1.0,12.595428910655981,47.287240932642476,36.862545018007204,27.16937598321972,36.26636422553467,56.69620689655172,Uruguay,1.0,1.0,1.0,Exporter,Exporter,2.533333963266509,3.8562405113851654,3.607195995381943,3.3020904560497275,3.5908907063495117,4.037707310727904,Medium,Medium,Exporter,Exporter,Medium,Exporter
USA,5.963544420646449,3.9288149634216114,3.972290013559881,4.226413341770023,4.752488705730412,2.060169451227114,0.8688839254121195,42.1642868189082,75.43360547659941,67.8138974161395,67.23646748366403,77.66414965950509,84.74146074855743,United States of America,0.92513220009676,0.9255273962577316,0.8688839254121195,Exporter,Exporter,3.7415735788294446,4.32325287169708,4.2167671505807345,4.208215771224364,4.352393756554915,4.439604983055003,Medium,Medium,Medium,Medium,Medium,Exporter
UZB,2.006711447057516,1.1063136621024752,1.210604008255887,0.804511918555623,1.2296466526963334,1.3041860878255775,0.3370407962674118,2.8656585899070866,20.838849345622727,15.71680358476475,10.764256813497212,17.90950976167589,24.7825327199458,Uzbekistan,0.38275325250859016,0.4096700145522557,0.3370407962674118,Medium,Medium,1.0527981980627705,3.0368190016191194,2.7547304320233414,2.376231091136088,2.8853318433739203,3.2101390792083495,Importer,Medium,Medium,Importer,Importer,Medium
VEN,2.4666379592776817,1.517716829668502,1.3804885000604978,1.0158419352449046,1.880213617397916,2.0517844328502823,0.1181012208357184,10.917770876466527,28.136879113907323,24.96272234741334,25.63226957131027,24.19878186677632,39.86209711396672,Venezuela,0.24701673434632446,0.2157486195414964,0.1181012208357184,Medium,Medium,2.390391817287237,3.3370811398466023,3.217383605959684,3.2438520878137242,3.1863022958121143,3.6854259253918236,Importer,Importer,Importer,Medium,Medium,Medium
VNM,1.3064119656076445,0.8878768824071966,1.0352776177217091,1.0414307039580804,0.9209841558529456,0.9903503104983512,0.5906170292881445,2.8449480921591843,21.293227724385076,15.352533149383,11.153305091519464,15.721374045801527,26.969305598675362,Vietnam,0.5963645329907725,0.5881910969192907,0.5906170292881445,Medium,Medium,1.0455448221250927,3.05838907494748,2.731280486436347,2.4117358747462503,2.755021190674984,3.2946993896446224,Importer,Importer,Medium,Importer,Importer,Medium
YEM,0.27357029523747445,0.14804053666835415,0.11982563840168592,0.15887922457689205,0.10957197544477804,0.14725923115472714,0.04185221797448424,2.372926454080572,8.584980572835942,6.566320401385061,4.280248726142154,3.9777987787147433,10.390752076956714,Yemen,0.10422977113839328,0.08469052800566201,0.04185221797448424,Importer,Importer,0.8641239841712208,2.150014231427361,1.8819536149319742,1.454011121489792,1.3807285956216573,2.340916187184148,Medium,Medium,Medium,Medium,Medium,Medium
ZAF,1.6816347671068823,1.4503468238451602,1.5360919351993083,4.146096917735082,1.4235583783779324,1.3051914361501813,0.433190945802538,9.470029720942293,33.27736430129603,27.54086763422952,20.898774847870182,27.53897027449865,39.48536193029491,South Africa,0.5006489404808246,0.4993288681515111,0.433190945802538,Medium,Medium,2.2481320456241383,3.5048774151393034,3.315670997315128,3.039690537533432,3.3156021024235067,3.6759300191806736,Importer,Importer,Medium,Importer,Importer,Medium
ZMB,2.483865854757838,0.9352400772612768,1.0227534400671432,1.5507911185455938,0.9220210164197612,1.1665495462196456,0.5779644486059339,1.3837573535029413,13.153120949051342,7.848491894764815,4.592857142857143,3.9381404581790873,17.327970897332257,Zambia,0.4447342015558058,0.478473033786804,0.5779644486059339,Medium,Medium,0.3248025192111901,2.576659064993009,2.060321398021222,1.5245023016283152,1.3707086469701737,2.8523220107403877,Importer,Medium,Medium,Medium,Importer,Medium
ZWE,2.2626180579483366,1.7675769779245605,2.207246442630938,3.0294089596848623,2.247297318345648,2.6988694932335777,0.3044655272937565,0.4153209768514836,5.070903447149158,3.1549070405364223,1.7909516380655226,1.5869008675864031,6.8329169269206735,Zimbabwe,0.5285651117705554,0.5117514919351077,0.3044655272937565,Medium,Medium,-0.8787036195042786,1.6235189964322774,1.1489590313868083,0.5827471199588417,0.4617829743042637,1.9217516580956826,Medium,Medium,Medium,Medium,Medium,Medium
